SeniorCitizen,tenure,MonthlyCharges,TotalCharges,gender_Male,Partner_Yes,Dependents_Yes,PhoneService_Yes,MultipleLines_No phone service,MultipleLines_Yes,InternetService_Fiber optic,InternetService_No,OnlineSecurity_No internet service,OnlineSecurity_Yes,OnlineBackup_No internet service,OnlineBackup_Yes,DeviceProtection_No internet service,DeviceProtection_Yes,TechSupport_No internet service,TechSupport_Yes,StreamingTV_No internet service,StreamingTV_Yes,StreamingMovies_No internet service,StreamingMovies_Yes,Contract_One year,Contract_Two year,PaperlessBilling_Yes,PaymentMethod_Credit card (automatic),PaymentMethod_Electronic check,PaymentMethod_Mailed check,Churn_Probability
0,13,102.25,1359.0,True,True,False,True,False,True,True,False,False,False,False,False,False,True,False,False,False,True,False,True,False,False,True,True,False,False,0.8986566
0,3,29.8,94.4,True,True,False,False,True,False,False,False,False,False,False,True,False,False,False,False,False,False,False,False,False,False,False,True,False,False,0.58548313
1,15,91.5,1400.3,False,False,False,True,False,False,True,False,False,False,False,False,False,False,False,False,False,True,False,True,False,False,True,False,True,False,0.59634835
0,10,73.55,693.3,False,False,True,True,False,True,False,False,False,True,False,False,False,True,False,True,False,False,False,True,True,False,False,True,False,False,0.5140416
1,1,93.55,93.55,True,False,False,True,False,True,True,False,False,False,False,False,False,False,False,False,False,True,False,True,False,False,True,False,True,False,0.91587555
1,46,98.85,4564.9,True,True,False,True,False,True,True,False,False,False,False,False,False,True,False,False,False,True,False,True,False,False,True,False,True,False,0.5594056
0,2,70.15,123.8,False,False,False,True,False,False,True,False,False,False,False,False,False,False,False,False,False,False,False,False,False,False,True,False,True,False,0.6235919
0,6,74.9,469.8,True,False,False,True,False,True,True,False,False,False,False,False,False,False,False,False,False,False,False,False,False,False,True,False,True,False,0.54958284
0,1,69.5,69.5,False,False,False,True,False,False,True,False,False,False,False,False,False,False,False,False,False,False,False,False,False,False,True,False,True,False,0.63814634
0,18,95.05,1679.4,False,False,False,True,False,True,True,False,False,False,False,False,False,True,False,True,False,False,False,True,False,False,True,False,False,False,0.62064445
0,32,99.55,3204.65,True,True,True,True,False,True,True,False,False,True,False,False,False,False,False,False,False,True,False,True,False,False,True,True,False,False,0.640274
0,1,74.9,74.9,True,False,False,True,False,True,True,False,False,False,False,False,False,False,False,False,False,False,False,False,False,False,True,False,True,False,0.6350759
0,1,69.9,69.9,True,True,True,True,False,False,True,False,False,False,False,False,False,False,False,False,False,False,False,False,False,False,True,False,False,True,0.7399526
0,3,90.7,237.65,True,False,False,True,False,False,True,False,False,False,False,False,False,False,False,False,False,True,False,True,False,False,False,False,False,True,0.81139404
0,49,99.8,4872.45,True,True,True,True,False,True,True,False,False,False,False,False,False,True,False,False,False,True,False,True,False,False,True,False,True,False,0.6280222
0,12,89.55,1021.75,True,False,False,True,False,True,True,False,False,False,False,False,False,True,False,False,False,True,False,False,False,False,True,False,True,False,0.6809268
1,7,76.45,503.6,False,False,False,True,False,False,True,False,False,True,False,False,False,False,False,False,False,False,False,False,False,False,False,False,False,False,0.51363516
0,6,82.85,460.25,True,True,False,True,False,True,True,False,False,False,False,False,False,False,False,False,False,True,False,False,False,False,True,False,True,False,0.72797585
0,10,94.85,953.45,False,False,False,True,False,True,True,False,False,False,False,True,False,True,False,False,False,False,False,True,False,False,True,False,True,False,0.9741255
1,43,90.25,3838.75,False,False,False,True,False,True,True,False,False,False,False,True,False,False,False,False,False,True,False,False,False,False,True,False,True,False,0.834411
1,33,80.6,2656.5,False,True,False,True,False,True,True,False,False,False,False,True,False,False,False,False,False,False,False,False,False,False,True,False,False,False,0.76004976
0,9,75.85,724.65,True,False,False,True,False,True,True,False,False,False,False,False,False,False,False,False,False,False,False,False,False,False,True,False,True,False,0.5062472
1,13,96.85,1235.55,False,False,False,True,False,False,True,False,False,False,False,False,False,True,False,False,False,True,False,True,False,False,True,False,True,False,0.558532
1,4,75.35,273.4,True,False,False,True,False,False,True,False,False,True,False,False,False,False,False,False,False,False,False,False,False,False,False,False,True,False,0.67993057
0,4,88.45,370.65,True,False,False,True,False,False,True,False,False,False,False,False,False,False,False,False,False,True,False,True,False,False,True,False,True,False,0.7982891
0,41,102.6,4213.35,True,True,True,True,False,True,True,False,False,False,False,False,False,True,False,True,False,True,False,True,True,False,True,False,True,False,0.64891213
0,14,85.15,1139.2,True,True,False,True,False,True,True,False,False,False,False,False,False,False,False,False,False,False,False,True,False,False,True,False,True,False,0.78862715
1,11,84.8,906.85,False,False,False,True,False,True,True,False,False,False,False,False,False,False,False,False,False,False,False,True,False,False,True,True,False,False,0.8873242
1,8,75.75,606.25,False,False,False,True,False,True,True,False,False,False,False,False,False,False,False,False,False,False,False,False,False,False,True,False,True,False,0.75054693
0,6,75.5,438.0,True,True,False,True,False,True,True,False,False,False,False,False,False,False,False,False,False,False,False,False,False,False,True,False,True,False,0.567924
1,1,45.2,45.2,True,False,False,True,False,False,False,False,False,False,False,False,False,False,False,False,False,False,False,False,False,False,False,False,True,False,0.6589402
0,9,45.4,418.8,True,False,False,False,True,False,False,False,False,False,False,False,False,False,False,False,False,True,False,True,False,False,True,False,True,False,0.93483317
0,1,94.6,94.6,False,False,False,True,False,True,True,False,False,False,False,False,False,False,False,False,False,True,False,True,False,False,True,False,True,False,0.9356676
1,22,85.35,1961.6,False,True,True,True,False,True,True,False,False,False,False,False,False,False,False,False,False,True,False,False,False,False,False,False,False,False,0.76056147
0,2,80.95,171.15,True,False,False,True,False,False,True,False,False,False,False,False,False,False,False,False,False,False,False,True,False,False,True,False,True,False,0.7053937
1,42,104.75,4323.45,False,False,False,True,False,True,True,False,False,False,False,True,False,True,False,False,False,True,False,True,False,False,True,False,False,False,0.5099
0,11,102.0,1145.35,False,True,False,True,False,True,True,False,False,False,False,True,False,False,False,False,False,True,False,True,False,False,True,False,True,False,0.8193185
0,16,65.2,1043.35,False,False,False,True,False,True,False,False,False,False,False,False,False,True,False,False,False,False,False,True,False,False,True,True,False,False,0.56583875
1,1,25.25,25.25,False,False,False,False,True,False,False,False,False,False,False,False,False,False,False,False,False,False,False,False,False,False,False,False,True,False,0.9375057
0,3,89.85,244.45,True,False,False,True,False,False,True,False,False,False,False,False,False,True,False,True,False,True,False,False,False,False,True,False,False,True,0.6713263
0,2,75.9,143.35,False,False,False,True,False,True,True,False,False,False,False,False,False,False,False,False,False,False,False,False,False,False,True,False,True,False,0.6441837
0,8,84.95,668.4,False,False,False,True,False,False,True,False,False,True,False,False,False,False,False,False,False,True,False,False,False,False,False,False,True,False,0.72976625
0,7,71.05,472.65,False,False,True,True,False,False,True,False,False,False,False,False,False,False,False,False,False,False,False,False,False,False,True,False,True,False,0.6446022
1,39,95.65,3759.05,True,False,False,True,False,True,True,False,False,False,False,False,False,False,False,False,False,True,False,True,False,False,True,False,False,False,0.6557635
0,1,79.6,79.6,False,False,True,True,False,False,True,False,False,False,False,False,False,False,False,False,False,False,False,True,False,False,True,False,True,False,0.80748343
0,27,90.15,2423.4,False,True,False,True,False,True,True,False,False,False,False,False,False,True,False,False,False,False,False,True,False,False,False,False,False,False,0.5354118
1,16,74.3,1178.25,True,True,False,True,False,False,True,False,False,False,False,True,False,False,False,False,False,False,False,False,False,False,True,True,False,False,0.70131665
0,1,71.1,71.1,False,False,False,True,False,False,True,False,False,False,False,False,False,False,False,False,False,False,False,False,False,False,False,False,False,True,0.6030283
1,3,79.9,260.9,True,False,False,True,False,False,True,False,False,False,False,False,False,False,False,False,False,True,False,False,False,False,True,False,True,False,0.6927158
0,1,24.8,24.8,False,True,False,False,True,False,False,False,False,False,False,False,False,False,False,False,False,False,False,False,False,False,True,False,True,False,0.6169163
1,11,70.2,834.7,True,True,False,True,False,False,True,False,False,False,False,False,False,False,False,False,False,False,False,False,False,False,True,False,True,False,0.77526677
1,1,70.3,70.3,True,True,False,True,False,False,True,False,False,False,False,False,False,False,False,False,False,False,False,False,False,False,True,False,True,False,0.8191416
0,1,89.9,89.9,True,False,False,True,False,False,True,False,False,False,False,False,False,False,False,False,False,True,False,True,False,False,True,False,True,False,0.83427876
0,11,35.8,363.15,False,False,False,False,True,False,False,False,False,False,False,False,False,False,False,False,False,True,False,False,False,False,True,False,False,True,0.7126919
0,1,50.8,50.8,False,False,False,True,False,False,False,False,False,False,False,False,False,False,False,True,False,False,False,False,False,False,True,False,True,False,0.6111041
1,1,73.65,73.65,True,False,False,True,False,True,True,False,False,False,False,False,False,False,False,False,False,False,False,False,False,False,True,False,True,False,0.8277966
1,5,81.0,371.65,False,True,False,True,False,True,True,False,False,False,False,True,False,False,False,False,False,False,False,False,False,False,True,False,True,False,0.8195201
1,24,102.95,2496.7,True,False,False,True,False,True,True,False,False,False,False,True,False,True,False,False,False,True,False,True,False,False,True,True,False,False,0.9135707
0,1,69.6,69.6,True,False,False,True,False,False,True,False,False,False,False,False,False,False,False,False,False,False,False,False,False,False,True,False,True,False,0.6406404
0,6,69.1,435.0,True,False,False,True,False,False,True,False,False,False,False,False,False,False,False,False,False,False,False,False,False,False,True,False,True,False,0.5448017
0,15,85.9,1269.55,False,False,True,True,False,False,True,False,False,False,False,True,False,False,False,False,False,False,False,True,False,False,True,False,False,False,0.6997053
0,30,100.2,2983.8,False,False,False,True,False,True,True,False,False,False,False,True,False,False,False,False,False,True,False,True,False,False,True,False,True,False,0.67963195
0,3,50.15,168.15,True,True,True,True,False,False,False,False,False,False,False,False,False,True,False,False,False,False,False,False,False,False,True,False,True,False,0.70261973
1,1,74.45,74.45,False,False,False,True,False,True,True,False,False,False,False,False,False,False,False,False,False,False,False,False,False,False,True,False,False,True,0.8405079
1,33,100.6,3270.25,True,True,False,True,False,True,True,False,False,False,False,True,False,False,False,False,False,True,False,True,False,False,True,False,False,False,0.6452474
1,9,84.45,762.5,False,False,False,True,False,True,True,False,False,False,False,False,False,False,False,False,False,False,False,True,False,False,True,False,True,False,0.94753456
0,36,95.0,3440.25,True,True,False,True,False,True,True,False,False,False,False,False,False,False,False,False,False,True,False,True,False,False,True,False,False,False,0.78638136
0,4,91.65,365.4,False,True,False,True,False,True,True,False,False,False,False,True,False,False,False,False,False,True,False,False,False,False,True,False,True,False,0.5785667
1,32,96.15,3019.25,True,False,False,True,False,True,True,False,False,False,False,False,False,False,False,False,False,True,False,True,False,False,True,True,False,False,0.7730015
0,9,69.05,651.5,False,False,False,True,False,False,True,False,False,False,False,False,False,False,False,False,False,False,False,False,False,False,False,False,True,False,0.6885727
0,1,79.35,79.35,False,False,True,True,False,False,True,False,False,False,False,False,False,False,False,False,False,True,False,False,False,False,True,False,True,False,0.54500246
0,1,44.15,44.15,False,False,False,True,False,False,False,False,False,False,False,False,False,False,False,False,False,False,False,False,False,False,False,False,False,False,0.54770917
0,3,83.75,247.25,False,False,False,True,False,False,True,False,False,False,False,True,False,False,False,False,False,True,False,False,False,False,False,False,True,False,0.5863223
1,5,74.35,334.8,False,True,False,True,False,True,True,False,False,False,False,False,False,False,False,False,False,False,False,False,False,False,True,False,True,False,0.6710024
1,59,50.25,2997.45,True,True,False,False,True,False,False,False,False,False,False,True,False,False,False,False,False,True,False,True,False,False,True,False,True,False,0.5397436
0,2,34.7,62.25,False,False,False,False,True,False,False,False,False,False,False,False,False,False,False,False,False,False,False,True,False,False,True,False,True,False,0.8462001
1,41,53.95,2215.4,True,True,False,False,True,False,False,False,False,False,False,True,False,True,False,False,False,True,False,True,False,False,True,False,True,False,0.5937446
0,17,88.25,1460.65,False,True,True,True,False,True,True,False,False,False,False,False,False,True,False,False,False,True,False,False,False,False,False,False,True,False,0.704154
0,43,99.3,4209.95,False,True,True,True,False,True,True,False,False,False,False,False,False,True,False,False,False,True,False,True,False,False,True,False,False,False,0.7223516
0,17,102.55,1742.5,True,True,False,True,False,True,True,False,False,False,False,True,False,True,False,False,False,True,False,True,False,False,True,False,True,False,0.8219266
1,28,106.15,3152.5,False,False,False,True,False,True,True,False,False,False,False,True,False,True,False,False,False,True,False,True,False,False,True,False,True,False,0.86138946
1,4,94.3,424.45,False,False,False,True,False,True,True,False,False,False,False,False,False,False,False,False,False,True,False,True,False,False,True,False,True,False,0.96454597
0,1,75.9,75.9,True,False,False,True,False,False,True,False,False,False,False,False,False,False,False,True,False,False,False,False,False,False,True,False,True,False,0.74180084
0,7,90.45,593.45,True,False,False,True,False,True,True,False,False,False,False,False,False,True,False,False,False,True,False,False,False,False,True,False,True,False,0.7789775
0,21,90.05,1862.9,False,False,False,True,False,False,True,False,False,False,False,True,False,True,False,False,False,False,False,True,False,False,True,False,True,False,0.8413953
0,5,74.65,383.65,True,False,False,True,False,False,True,False,False,False,False,True,False,False,False,False,False,False,False,False,False,False,True,False,True,False,0.8465969
1,1,74.45,74.45,False,True,False,True,False,True,True,False,False,False,False,False,False,False,False,False,False,False,False,False,False,False,True,False,True,False,0.70939213
1,1,25.2,25.2,False,False,False,False,True,False,False,False,False,False,False,False,False,False,False,False,False,False,False,False,False,False,True,False,True,False,0.90876985
0,2,71.65,135.75,False,True,True,True,False,False,True,False,False,False,False,False,False,False,False,False,False,False,False,False,False,False,True,False,True,False,0.7334384
0,17,96.65,1588.25,True,True,False,True,False,False,True,False,False,False,False,False,False,True,False,False,False,True,False,True,True,False,True,False,False,False,0.65623695
1,15,74.4,1074.3,True,False,False,True,False,False,True,False,False,False,False,True,False,False,False,False,False,False,False,False,False,False,True,False,True,False,0.780296
0,4,100.85,399.25,False,False,False,True,False,True,True,False,False,False,False,False,False,False,False,True,False,True,False,True,False,False,True,False,False,True,0.82204336
0,1,88.35,88.35,True,False,False,True,False,False,True,False,False,False,False,False,False,False,False,False,False,True,False,True,False,False,True,False,True,False,0.83132863
1,59,79.2,4590.35,False,False,False,True,False,True,True,False,False,False,False,True,False,False,False,False,False,False,False,False,False,True,True,True,False,False,0.60223496
1,8,74.05,600.15,False,False,False,True,False,False,True,False,False,False,False,False,False,True,False,False,False,False,False,False,False,False,True,False,False,False,0.7264429
0,2,90.35,190.5,False,True,False,True,False,False,True,False,False,True,False,True,False,False,False,False,False,True,False,False,False,False,False,False,True,False,0.620069
1,2,95.5,181.65,True,True,False,True,False,False,True,False,False,False,False,False,False,True,False,False,False,True,False,True,False,False,True,True,False,False,0.75765294
0,9,95.9,827.45,True,False,False,True,False,False,True,False,False,False,False,False,False,False,False,True,False,True,False,True,False,False,True,False,False,False,0.59642375
0,2,89.55,185.55,True,True,True,True,False,False,True,False,False,False,False,False,False,False,False,False,False,True,False,True,False,False,True,False,False,False,0.65726674
1,1,69.55,69.55,False,True,False,True,False,False,True,False,False,False,False,False,False,False,False,False,False,False,False,False,False,False,True,False,True,False,0.7123225
1,17,100.45,1622.45,True,True,False,True,False,True,True,False,False,False,False,False,False,True,False,False,False,True,False,True,False,False,True,True,False,False,0.90612084
0,9,89.45,853.1,False,True,False,True,False,False,True,False,False,False,False,False,False,False,False,False,False,True,False,True,False,False,False,False,True,False,0.63976663
1,27,85.25,2287.25,False,False,False,True,False,True,True,False,False,False,False,False,False,False,False,False,False,False,False,True,False,False,True,False,True,False,0.8169658
0,1,79.25,79.25,True,False,False,True,False,False,True,False,False,False,False,False,False,False,False,False,False,False,False,True,False,False,True,False,True,False,0.7254801
0,1,75.55,75.55,False,False,False,True,False,False,True,False,False,False,False,False,False,True,False,False,False,False,False,False,False,False,False,False,True,False,0.64256173
1,15,96.5,1392.25,True,True,False,True,False,True,True,False,False,True,False,False,False,True,False,False,False,True,False,False,False,False,True,False,True,False,0.9011307
0,2,70.4,154.8,False,True,False,True,False,False,True,False,False,False,False,False,False,False,False,False,False,False,False,False,False,False,True,True,False,False,0.8426167
0,15,99.7,1566.75,True,False,False,True,False,True,True,False,False,True,False,False,False,False,False,False,False,True,False,True,False,False,True,False,True,False,0.58153695
0,2,80.6,155.8,False,False,False,True,False,True,True,False,False,False,False,False,False,True,False,False,False,False,False,False,False,False,False,False,False,True,0.5052356
0,11,90.15,987.95,False,False,False,True,False,True,True,False,False,False,False,False,False,False,False,True,False,True,False,False,False,False,False,False,True,False,0.5890047
1,32,93.2,2931.0,False,True,False,True,False,True,True,False,False,False,False,False,False,False,False,False,False,True,False,True,False,False,True,False,True,False,0.72258455
0,12,96.05,1148.1,True,False,False,True,False,True,True,False,False,False,False,False,False,False,False,False,False,True,False,True,False,False,True,False,True,False,0.75253206
0,19,39.65,733.35,True,False,False,False,True,False,False,False,False,False,False,False,False,True,False,False,False,True,False,False,False,False,True,False,True,False,0.57830036
0,10,45.55,402.6,True,False,False,True,False,False,False,False,False,False,False,False,False,False,False,False,False,False,False,False,False,False,True,False,True,False,0.53880394
0,8,51.05,415.05,True,True,True,True,False,False,False,False,False,False,False,False,False,True,False,False,False,False,False,False,False,False,True,False,True,False,0.5697174
0,2,24.4,36.55,False,True,True,False,True,False,False,False,False,False,False,False,False,False,False,False,False,False,False,False,False,False,True,False,False,True,0.5833393
1,8,100.15,908.55,False,False,False,True,False,True,True,False,False,False,False,False,False,False,False,True,False,True,False,True,False,False,True,True,False,False,0.71437
0,42,94.2,4186.3,False,True,True,True,False,True,True,False,False,False,False,False,False,False,False,False,False,True,False,True,False,False,True,False,True,False,0.52515435
0,21,82.35,1852.85,True,False,False,True,False,True,True,False,False,False,False,True,False,False,False,False,False,False,False,False,False,False,True,False,True,False,0.58318084
0,1,60.15,60.15,False,False,False,True,False,True,False,False,False,False,False,False,False,False,False,False,False,False,False,True,False,False,True,False,True,False,0.56788945
1,4,69.35,261.65,True,False,False,True,False,False,True,False,False,False,False,False,False,False,False,False,False,False,False,False,False,False,False,False,True,False,0.5746668
0,31,103.45,3066.45,True,False,False,True,False,True,True,False,False,False,False,True,False,True,False,False,False,True,False,True,True,False,True,False,True,False,0.5498843
0,2,87.15,183.75,False,False,False,True,False,False,True,False,False,False,False,True,False,False,False,False,False,True,False,False,False,False,True,False,False,False,0.52414227
1,1,36.45,36.45,False,False,False,False,True,False,False,False,False,False,False,False,False,False,False,False,False,True,False,False,False,False,True,False,True,False,0.9622614
0,1,49.75,49.75,True,False,False,True,False,False,False,False,False,True,False,False,False,False,False,False,False,False,False,False,False,False,False,False,True,False,0.65733355
0,16,100.0,1534.75,False,True,False,True,False,True,True,False,False,False,False,True,False,False,False,False,False,True,False,True,False,False,True,False,True,False,0.79344136
1,37,92.5,3473.4,True,True,False,True,False,True,True,False,False,False,False,False,False,False,False,False,False,True,False,True,False,False,True,False,True,False,0.55174613
1,1,69.25,69.25,False,False,False,True,False,False,True,False,False,False,False,False,False,False,False,False,False,False,False,False,False,False,True,False,True,False,0.7320329
1,5,83.15,446.05,False,False,False,True,False,True,True,False,False,False,False,False,False,False,False,False,False,True,False,False,False,False,True,True,False,False,0.63063395
0,1,70.65,70.65,True,True,True,True,False,False,True,False,False,False,False,False,False,False,False,False,False,False,False,False,False,False,True,False,False,True,0.7394692
1,7,51.3,419.35,False,False,False,True,False,False,False,False,False,False,False,True,False,False,False,False,False,False,False,False,False,False,True,False,False,True,0.6015157
0,42,106.15,4512.7,True,True,False,True,False,True,True,False,False,False,False,False,False,True,False,True,False,True,False,True,False,False,True,False,False,False,0.65483904
0,23,79.15,1676.95,False,False,False,True,False,True,True,False,False,False,False,True,False,False,False,False,False,False,False,False,False,False,True,False,True,False,0.53897554
0,1,74.25,74.25,True,False,False,True,False,True,True,False,False,False,False,False,False,False,False,False,False,False,False,False,False,False,True,False,False,True,0.6255859
0,4,75.35,338.1,False,False,False,True,False,True,True,False,False,False,False,False,False,False,False,False,False,False,False,False,False,False,False,False,True,False,0.6232807
1,1,88.8,88.8,True,False,False,True,False,True,True,False,False,False,False,False,False,True,False,False,False,True,False,False,False,False,True,False,True,False,0.8914096
0,3,49.15,169.05,True,False,False,True,False,False,False,False,False,False,False,False,False,True,False,False,False,False,False,False,False,False,True,False,True,False,0.6099937
0,1,76.0,76.0,False,False,False,True,False,True,True,False,False,False,False,False,False,False,False,False,False,False,False,False,False,False,False,False,True,False,0.6561195
1,1,78.45,78.45,False,False,False,True,False,False,True,False,False,False,False,False,False,False,False,False,False,True,False,False,False,False,False,False,True,False,0.7049408
1,1,45.1,45.1,False,False,False,True,False,False,False,False,False,False,False,False,False,False,False,False,False,False,False,False,False,False,False,False,False,True,0.52800393
1,3,105.0,294.45,True,False,False,True,False,True,True,False,False,False,False,True,False,True,False,False,False,True,False,True,False,False,True,False,True,False,0.9624856
1,7,29.8,220.45,True,True,False,False,True,False,False,False,False,True,False,False,False,False,False,False,False,False,False,False,False,False,False,False,False,False,0.5314283
0,27,100.75,2793.55,True,True,True,True,False,True,True,False,False,True,False,True,False,False,False,True,False,True,False,False,False,False,False,False,True,False,0.566246
0,42,108.3,4586.15,True,True,False,True,False,True,True,False,False,False,False,False,False,True,False,True,False,True,False,True,True,False,True,False,True,False,0.7103456
0,22,79.35,1730.35,True,False,False,True,False,True,True,False,False,False,False,True,False,False,False,False,False,False,False,False,False,False,True,False,True,False,0.5746262
0,9,83.3,803.3,False,False,False,True,False,True,True,False,False,False,False,False,False,False,False,False,False,False,False,True,False,False,True,False,True,False,0.9558839
0,5,68.95,351.5,False,True,False,True,False,False,True,False,False,False,False,False,False,False,False,False,False,False,False,False,False,False,True,False,True,False,0.5048202
1,9,54.55,494.05,True,False,False,True,False,True,False,False,False,True,False,False,False,False,False,False,False,False,False,False,False,False,False,False,True,False,0.621226
0,1,80.05,80.05,False,True,True,True,False,False,True,False,False,False,False,False,False,False,False,False,False,True,False,False,False,False,True,False,False,True,0.6037471
0,29,45.9,1332.4,True,True,False,False,True,False,False,False,False,False,False,False,False,False,False,False,False,True,False,True,False,False,True,False,True,False,0.76750934
1,18,80.55,1411.65,True,False,False,True,False,True,True,False,False,False,False,True,False,False,False,False,False,False,False,False,False,False,True,True,False,False,0.5953485
0,19,86.0,1532.45,True,False,False,True,False,True,True,False,False,False,False,False,False,False,False,False,False,False,False,True,False,False,True,False,False,False,0.6780203
1,14,74.95,1036.75,True,False,False,True,False,True,True,False,False,False,False,False,False,False,False,False,False,False,False,False,False,False,True,False,True,False,0.5908397
0,18,96.05,1740.7,False,False,False,True,False,False,True,False,False,True,False,False,False,False,False,False,False,True,False,True,False,False,True,False,True,False,0.5122302
0,21,74.05,1565.7,False,True,True,True,False,False,True,False,False,False,False,True,False,False,False,False,False,False,False,False,False,False,True,False,False,False,0.5527757
0,4,88.95,355.2,False,False,False,True,False,True,True,False,False,False,False,True,False,False,False,False,False,False,False,True,False,False,True,False,True,False,0.9272569
1,2,84.05,186.05,False,False,False,True,False,True,True,False,False,False,False,False,False,False,False,False,False,False,False,True,False,False,True,False,True,False,0.9702245
0,2,60.85,111.4,False,False,False,True,False,False,False,False,False,False,False,False,False,True,False,False,False,False,False,True,False,False,False,False,True,False,0.76876473
1,1,89.3,89.3,False,False,False,True,False,False,True,False,False,False,False,False,False,False,False,False,False,True,False,True,False,False,True,False,True,False,0.81972283
1,7,70.1,467.55,True,True,False,True,False,False,True,False,False,False,False,False,False,False,False,False,False,False,False,False,False,False,True,False,False,True,0.55604887
0,2,90.4,168.2,False,False,False,True,False,False,True,False,False,False,False,False,False,False,False,False,False,True,False,True,False,False,True,False,True,False,0.87349814
1,2,79.2,172.85,False,True,False,True,False,True,True,False,False,False,False,False,False,True,False,False,False,False,False,False,False,False,False,False,True,False,0.8149568
0,1,70.1,70.1,False,False,False,True,False,False,True,False,False,False,False,False,False,False,False,False,False,False,False,False,False,False,True,False,True,False,0.63935965
0,1,69.35,69.35,True,False,False,True,False,False,True,False,False,False,False,False,False,False,False,False,False,False,False,False,False,False,True,False,True,False,0.64052194
0,1,79.5,79.5,True,False,False,True,False,False,True,False,False,False,False,False,False,False,False,False,False,True,False,False,False,False,True,False,True,False,0.77363133
0,3,25.1,79.8,True,False,False,False,True,False,False,False,False,False,False,False,False,False,False,False,False,False,False,False,False,False,False,False,True,False,0.6700641
0,5,44.05,202.15,False,False,False,True,False,False,False,False,False,False,False,False,False,False,False,False,False,False,False,False,False,False,True,True,False,False,0.6176584
0,6,55.0,340.4,False,False,False,True,False,False,False,False,False,False,False,False,False,False,False,False,False,False,False,True,False,False,True,False,True,False,0.55928725
1,2,94.0,181.7,True,False,False,True,False,True,True,False,False,False,False,False,False,False,False,False,False,True,False,True,False,False,True,False,True,False,0.90889156
0,1,50.75,50.75,True,False,False,True,False,False,False,False,False,False,False,True,False,False,False,False,False,False,False,False,False,False,True,False,True,False,0.54366815
0,7,79.7,586.05,False,False,False,True,False,False,True,False,False,False,False,False,False,False,False,False,False,True,False,False,False,False,True,False,True,False,0.56606
0,24,99.65,2404.85,True,False,False,True,False,True,True,False,False,False,False,True,False,False,False,False,False,True,False,True,False,False,True,False,False,False,0.7168842
1,4,48.75,179.85,False,False,False,True,False,True,False,False,False,False,False,False,False,False,False,False,False,False,False,False,False,False,False,False,False,True,0.6015875
0,2,95.15,196.9,False,False,False,True,False,True,True,False,False,False,False,False,False,False,False,False,False,True,False,True,False,False,True,False,True,False,0.9321951
1,7,89.5,676.7,True,True,False,True,False,False,True,False,False,False,False,False,False,False,False,False,False,True,False,True,False,False,True,False,True,False,0.78588206
1,33,105.35,3465.05,False,False,True,True,False,True,True,False,False,False,False,True,False,True,False,False,False,True,False,True,False,False,True,False,False,False,0.78291553
1,18,73.55,1359.45,False,False,False,True,False,False,True,False,False,False,False,True,False,False,False,False,False,False,False,False,False,False,True,False,True,False,0.7455191
1,17,92.55,1614.7,False,True,False,True,False,True,True,False,False,False,False,False,False,False,False,False,False,True,False,True,False,False,True,False,True,False,0.8581634
0,15,68.6,1108.6,True,True,False,True,False,False,True,False,False,False,False,False,False,False,False,False,False,False,False,False,False,False,True,False,False,False,0.6004024
0,13,49.15,649.4,False,False,False,False,True,False,False,False,False,False,False,False,False,True,False,False,False,True,False,True,False,False,False,False,True,False,0.67077184
0,1,70.1,70.1,False,False,False,True,False,False,True,False,False,False,False,False,False,False,False,False,False,False,False,False,False,False,True,False,True,False,0.63935965
0,63,102.4,6444.05,True,True,False,True,False,True,True,False,False,False,False,True,False,True,False,False,False,True,False,True,False,False,True,False,True,False,0.5101491
1,17,94.2,1608.15,False,False,False,True,False,True,True,False,False,False,False,False,False,False,False,False,False,True,False,True,False,False,True,False,True,False,0.9020906
0,15,100.15,1415.0,False,False,False,True,False,True,True,False,False,False,False,True,False,False,False,False,False,True,False,True,False,False,True,False,True,False,0.7869696
0,1,95.65,95.65,False,False,False,True,False,True,True,False,False,False,False,False,False,False,False,False,False,True,False,True,False,False,False,False,False,True,0.90765554
0,1,44.8,44.8,True,False,False,True,False,False,False,False,False,False,False,False,False,False,False,False,False,False,False,False,False,False,True,False,True,False,0.7109184
0,1,54.5,54.5,False,False,True,True,False,False,False,False,False,True,False,False,False,False,False,True,False,False,False,False,False,False,False,False,True,False,0.6699986
0,1,53.95,53.95,True,False,False,True,False,False,False,False,False,True,False,False,False,False,False,True,False,False,False,False,False,False,True,False,True,False,0.7487079
0,20,78.8,1641.3,True,False,False,True,False,False,True,False,False,False,False,False,False,False,False,False,False,True,False,False,False,False,False,False,True,False,0.65742594
0,11,74.35,834.2,True,True,True,True,False,True,True,False,False,False,False,False,False,False,False,False,False,False,False,False,False,False,True,False,True,False,0.76483214
1,19,88.2,1775.8,True,False,False,True,False,True,True,False,False,False,False,True,False,False,False,False,False,True,False,False,False,False,True,False,True,False,0.7222264
0,5,69.75,324.6,True,False,False,True,False,False,True,False,False,False,False,False,False,False,False,False,False,False,False,False,False,False,True,False,True,False,0.56481004
0,1,75.3,75.3,True,False,False,True,False,True,True,False,False,False,False,False,False,False,False,False,False,False,False,False,False,False,True,False,True,False,0.6372328
1,1,69.6,69.6,False,False,False,True,False,False,True,False,False,False,False,False,False,False,False,False,False,False,False,False,False,False,True,False,True,False,0.73212355
0,2,29.05,44.75,False,True,True,False,True,False,False,False,False,False,False,False,False,False,False,True,False,False,False,False,False,False,False,False,False,False,0.7827752
0,2,76.5,162.45,True,False,False,True,False,True,True,False,False,False,False,False,False,False,False,False,False,False,False,False,False,False,True,False,True,False,0.62698025
0,38,105.0,4026.4,False,True,False,True,False,True,True,False,False,False,False,False,False,True,False,True,False,True,False,True,False,False,True,False,True,False,0.532082
0,14,90.9,1259.0,False,True,True,True,False,True,True,False,False,False,False,True,False,False,False,False,False,False,False,True,False,False,True,False,False,False,0.7327829
1,6,80.8,457.1,True,True,False,True,False,True,True,False,False,False,False,False,False,True,False,False,False,False,False,False,False,False,True,False,True,False,0.87067455
0,13,35.1,446.1,False,False,False,False,True,False,False,False,False,False,False,False,False,False,False,False,False,False,False,True,False,False,True,False,True,False,0.65799433
0,28,104.8,3046.05,False,True,False,True,False,True,True,False,False,False,False,False,False,True,False,True,False,True,False,True,False,False,True,False,True,False,0.72509426
1,18,103.6,1806.35,False,False,False,True,False,True,True,False,False,False,False,True,False,False,False,True,False,True,False,True,False,False,True,True,False,False,0.56346756
1,1,85.0,85.0,False,False,False,True,False,False,True,False,False,False,False,False,False,True,False,False,False,False,False,True,False,False,True,False,True,False,0.89915115
0,11,94.2,999.9,False,False,False,True,False,False,True,False,False,False,False,True,False,True,False,True,False,False,False,True,False,False,True,False,True,False,0.63239545
0,63,103.4,6603.0,True,True,False,True,False,True,True,False,False,False,False,True,False,True,False,False,False,True,False,True,False,False,True,False,True,False,0.50778127
1,22,96.7,2082.95,True,False,False,True,False,True,True,False,False,False,False,False,False,False,False,False,False,True,False,True,False,False,True,False,True,False,0.6453388
0,5,84.0,424.75,False,False,False,True,False,True,True,False,False,False,False,False,False,False,False,False,False,True,False,False,False,False,True,False,True,False,0.5677941
1,18,49.85,865.75,False,False,False,True,False,False,False,False,False,False,False,True,False,False,False,False,False,False,False,False,False,False,True,True,False,False,0.5411193
1,18,99.75,1836.25,False,True,False,True,False,True,True,False,False,False,False,False,False,False,False,True,False,True,False,True,False,False,False,False,False,False,0.6987972
0,2,80.2,181.1,True,False,False,True,False,False,True,False,False,False,False,False,False,False,False,False,False,False,False,True,False,False,True,False,True,False,0.7023333
1,23,104.45,2184.85,True,True,False,True,False,True,True,False,False,False,False,True,False,True,False,False,False,True,False,True,False,False,True,False,True,False,0.9080666
0,47,104.1,5135.15,True,True,False,True,False,True,True,False,False,False,False,True,False,True,False,False,False,True,False,True,False,False,True,False,True,False,0.67874026
0,2,53.45,119.5,True,False,False,True,False,False,False,False,False,True,False,False,False,True,False,False,False,False,False,False,False,False,False,False,True,False,0.70057553
0,1,79.05,79.05,True,False,False,True,False,False,True,False,False,False,False,False,False,False,False,False,False,True,False,False,False,False,True,False,True,False,0.7719046
0,3,105.35,323.25,True,False,False,True,False,True,True,False,False,False,False,True,False,True,False,False,False,True,False,True,False,False,True,False,False,False,0.90873134
0,2,70.7,141.45,False,True,False,True,False,False,True,False,False,False,False,False,False,False,False,False,False,False,False,False,False,False,True,False,True,False,0.55494887
0,4,56.4,234.85,True,False,False,True,False,False,False,False,False,False,False,False,False,False,False,False,False,True,False,False,False,False,True,False,True,False,0.6633171
0,25,94.7,2362.1,True,False,False,True,False,True,True,False,False,False,False,False,False,False,False,False,False,True,False,True,False,False,True,False,False,False,0.76610905
1,3,91.05,289.1,True,False,False,True,False,True,True,False,False,False,False,False,False,True,False,False,False,True,False,False,False,False,False,False,True,False,0.70157605
0,27,75.75,1929.0,True,True,True,True,False,True,True,False,False,False,False,False,False,False,False,False,False,False,False,False,False,False,True,False,False,False,0.5125197
1,2,81.5,162.55,False,False,False,True,False,False,True,False,False,False,False,False,False,False,False,False,False,True,False,False,False,False,False,False,False,True,0.75734514
0,31,79.85,2404.15,False,False,False,True,False,True,True,False,False,False,False,False,False,False,False,True,False,False,False,False,False,False,True,True,False,False,0.5354153
1,5,78.95,378.4,False,False,False,True,False,False,True,False,False,False,False,False,False,False,False,False,False,False,False,True,False,False,False,False,True,False,0.7857178
1,3,94.85,335.75,True,False,False,True,False,True,True,False,False,False,False,False,False,False,False,False,False,True,False,True,False,False,True,False,True,False,0.90052855
0,9,75.75,655.9,False,True,False,True,False,False,True,False,False,False,False,False,False,True,False,False,False,False,False,False,False,False,True,False,False,False,0.77459335
0,24,56.35,1381.2,False,False,False,True,False,False,False,False,False,True,False,False,False,False,False,True,False,False,False,False,False,False,False,True,False,False,0.56979394
0,45,109.75,4900.65,True,True,True,True,False,True,True,False,False,False,False,True,False,True,False,True,False,True,False,True,False,True,True,False,False,False,0.51564574
1,20,85.8,1727.5,False,False,False,True,False,True,True,False,False,False,False,False,False,False,False,False,False,False,False,True,False,False,True,True,False,False,0.80672944
0,7,69.85,515.45,False,False,False,True,False,False,True,False,False,False,False,False,False,False,False,False,False,False,False,False,False,False,True,False,False,False,0.67654514
0,2,94.2,167.5,True,True,False,True,False,False,True,False,False,False,False,False,False,False,False,True,False,True,False,True,False,False,True,False,True,False,0.591495
0,36,104.8,3886.45,False,False,False,True,False,True,True,False,False,False,False,True,False,True,False,False,False,True,False,True,True,False,True,False,False,False,0.5348146
0,17,49.8,836.35,True,True,False,False,True,False,False,False,False,False,False,True,False,False,False,False,False,True,False,True,False,False,True,False,False,True,0.76549965
0,1,68.5,68.5,True,True,True,True,False,False,True,False,False,False,False,False,False,False,False,False,False,False,False,False,False,False,True,False,True,False,0.9084701
0,7,73.85,511.25,False,False,False,True,False,True,True,False,False,False,False,False,False,False,False,False,False,False,False,False,False,False,True,False,True,False,0.5328326
0,3,69.65,220.1,True,False,True,True,False,False,True,False,False,False,False,False,False,False,False,False,False,False,False,False,False,False,False,False,True,False,0.60544723
0,1,70.85,70.85,False,False,False,True,False,False,True,False,False,False,False,False,False,False,False,False,False,False,False,False,False,False,True,False,True,False,0.64087343
0,1,42.9,42.9,True,False,False,True,False,False,False,False,False,False,False,False,False,False,False,False,False,False,False,False,False,False,True,False,True,False,0.70957744
0,1,45.75,45.75,True,False,False,True,False,False,False,False,False,False,False,False,False,False,False,False,False,False,False,False,False,False,False,False,True,False,0.7810141
1,10,89.8,914.3,True,True,False,True,False,True,True,False,False,False,False,False,False,True,False,False,False,False,False,True,False,False,True,False,True,False,0.97364813
1,4,94.75,422.4,True,False,False,True,False,False,True,False,False,False,False,False,False,True,False,False,False,True,False,True,False,False,True,False,True,False,0.80472535
0,38,99.25,3777.15,True,False,True,True,False,True,True,False,False,False,False,False,False,True,False,False,False,True,False,True,False,False,True,False,False,False,0.81531984
1,3,81.35,233.7,True,False,False,True,False,True,True,False,False,False,False,True,False,False,False,False,False,False,False,False,False,False,True,False,True,False,0.88600147
0,9,24.95,190.25,True,False,False,False,True,False,False,False,False,False,False,False,False,False,False,False,False,False,False,False,False,False,True,False,True,False,0.50067973
0,29,98.6,2933.2,False,False,False,True,False,True,True,False,False,False,False,False,False,True,False,False,False,True,False,True,False,False,True,True,False,False,0.61392266
0,1,94.4,94.4,False,False,False,True,False,False,True,False,False,False,False,False,False,True,False,False,False,True,False,True,False,False,False,False,True,False,0.78086936
0,2,46.0,84.5,True,False,False,True,False,False,False,False,False,False,False,False,False,False,False,False,False,False,False,False,False,False,True,True,False,False,0.51647717
0,13,88.35,1222.8,False,True,True,True,False,False,True,False,False,False,False,False,False,False,False,False,False,True,False,True,False,False,False,False,True,False,0.69511515
0,1,69.65,69.65,False,False,True,True,False,False,True,False,False,False,False,False,False,False,False,False,False,False,False,False,False,False,True,False,True,False,0.6665855
1,32,93.5,2970.8,True,True,False,True,False,True,True,False,False,False,False,True,False,True,False,False,False,False,False,True,False,False,True,False,True,False,0.8368976
0,2,80.25,144.55,True,False,False,True,False,False,True,False,False,False,False,False,False,False,False,False,False,True,False,False,False,False,True,False,True,False,0.76041925
0,15,101.9,1667.25,True,True,True,True,False,False,True,False,False,True,False,False,False,False,False,True,False,True,False,True,True,False,False,False,True,False,0.5416787
1,1,44.0,44.0,True,False,False,True,False,False,False,False,False,False,False,False,False,False,False,False,False,False,False,False,False,False,False,False,True,False,0.6536344
0,17,94.4,1607.2,False,True,True,True,False,True,True,False,False,True,False,False,False,True,False,False,False,True,False,False,False,False,False,False,True,False,0.5646445
0,23,99.25,2186.4,True,True,False,True,False,True,True,False,False,True,False,True,False,True,False,False,False,True,False,False,False,False,True,False,True,False,0.7119716
0,1,44.0,44.0,True,False,False,True,False,False,False,False,False,False,False,False,False,False,False,False,False,False,False,False,False,False,False,False,True,False,0.78273565
0,2,85.65,181.5,True,False,False,True,False,True,True,False,False,False,False,False,False,False,False,False,False,True,False,False,False,False,True,False,True,False,0.75656724
0,5,94.85,462.8,True,False,False,True,False,True,True,False,False,False,False,False,False,False,False,False,False,True,False,True,False,False,True,False,False,False,0.87768424
0,1,69.65,69.65,True,False,False,True,False,False,True,False,False,False,False,False,False,False,False,False,False,False,False,False,False,False,True,False,True,False,0.64066404
1,50,83.4,4113.7,False,False,False,True,False,True,True,False,False,True,False,True,False,False,False,False,False,False,False,False,False,False,True,False,True,False,0.5557915
0,10,81.0,818.05,False,False,False,True,False,True,True,False,False,False,False,True,False,False,False,False,False,False,False,False,False,False,True,True,False,False,0.75036556
0,1,89.25,89.25,True,False,False,True,False,False,True,False,False,False,False,False,False,False,False,False,False,True,False,True,False,False,True,False,True,False,0.8330467
0,12,86.55,1066.9,False,False,False,True,False,True,True,False,False,False,False,False,False,False,False,False,False,False,False,True,False,False,True,False,True,False,0.94852805
0,3,74.4,229.55,True,False,False,True,False,True,True,False,False,False,False,False,False,False,False,False,False,False,False,False,False,False,True,False,True,False,0.5988787
0,15,69.0,994.8,False,False,True,True,False,False,True,False,False,False,False,False,False,False,False,False,False,False,False,False,False,False,False,False,False,False,0.51503146
0,54,97.2,5129.45,False,False,False,True,False,True,True,False,False,False,False,True,False,False,False,False,False,True,False,True,False,True,True,False,False,False,0.5047133
1,12,29.3,355.9,False,True,True,False,True,False,False,False,False,False,False,False,False,False,False,True,False,False,False,False,False,False,True,False,False,True,0.7587461
0,11,86.2,893.2,True,False,True,True,False,True,True,False,False,False,False,False,False,False,False,False,False,False,False,True,False,False,False,False,True,False,0.6242095
1,27,86.45,2401.05,False,False,False,True,False,True,True,False,False,False,False,True,False,True,False,False,False,False,False,False,False,False,True,False,False,False,0.85597956
1,1,74.2,74.2,False,False,False,True,False,True,True,False,False,False,False,False,False,False,False,False,False,False,False,False,False,False,True,False,True,False,0.7640567
0,1,45.3,45.3,True,False,False,True,False,False,False,False,False,False,False,False,False,False,False,False,False,False,False,False,False,False,False,False,True,False,0.7814577
1,63,89.6,5538.8,False,False,False,True,False,True,True,False,False,False,False,False,False,True,False,False,False,False,False,True,False,False,True,False,False,False,0.5272086
0,1,69.8,69.8,False,True,True,True,False,False,True,False,False,False,False,False,False,False,False,False,False,False,False,False,False,False,True,False,True,False,0.73136723
0,18,99.85,1776.95,False,False,False,True,False,True,True,False,False,False,False,False,False,False,False,True,False,True,False,True,False,False,True,False,False,False,0.73047805
1,1,80.3,80.3,True,True,False,True,False,True,True,False,False,True,False,False,False,False,False,False,False,False,False,False,False,False,True,False,True,False,0.86669964
0,9,79.75,769.1,False,True,False,True,False,False,True,False,False,False,False,False,False,False,False,False,False,False,False,True,False,False,True,False,True,False,0.76393
0,59,83.25,4949.1,False,False,False,True,False,True,True,False,False,False,False,True,False,True,False,False,False,False,False,False,False,False,True,False,True,False,0.50805473
0,13,79.25,1111.65,False,False,False,True,False,False,True,False,False,False,False,True,False,True,False,False,False,False,False,False,False,False,True,False,True,False,0.72237027
1,20,84.35,1745.2,True,False,False,True,False,True,True,False,False,False,False,False,False,False,False,False,False,True,False,False,False,False,True,False,True,False,0.574505
1,3,70.3,235.5,False,False,False,True,False,False,True,False,False,False,False,False,False,False,False,False,False,False,False,False,False,False,True,False,True,False,0.6945562
0,17,92.6,1579.7,False,True,False,True,False,True,True,False,False,False,False,False,False,False,False,False,False,True,False,True,False,False,False,False,True,False,0.6266837
0,3,84.3,235.05,True,False,False,True,False,False,True,False,False,False,False,True,False,False,False,False,False,False,False,True,False,False,False,False,True,False,0.5717979
1,29,101.45,2948.6,True,False,False,True,False,False,True,False,False,False,False,True,False,True,False,False,False,True,False,True,False,False,True,False,False,False,0.5636997
0,25,85.9,2199.05,True,True,True,True,False,False,True,False,False,False,False,False,False,False,False,True,False,True,False,False,False,False,False,False,True,False,0.59645927
1,13,45.3,528.45,False,True,False,False,True,False,False,False,False,False,False,False,False,False,False,False,False,True,False,True,False,False,False,False,True,False,0.9526545
0,4,79.9,324.3,True,False,False,True,False,False,True,False,False,False,False,False,False,False,False,False,False,False,False,True,False,False,True,False,True,False,0.6531751
0,1,73.5,73.5,False,False,False,True,False,False,True,False,False,False,False,False,False,True,False,False,False,False,False,False,False,False,False,False,False,False,0.54304445
0,6,69.8,377.85,True,True,True,True,False,False,True,False,False,False,False,False,False,False,False,False,False,False,False,False,False,False,True,False,True,False,0.89728856
0,6,91.1,455.3,False,False,False,True,False,False,True,False,False,False,False,False,False,False,False,False,False,True,False,True,False,False,True,False,True,False,0.83235466
1,30,90.05,2627.2,False,True,False,True,False,True,True,False,False,False,False,True,False,False,False,False,False,True,False,False,False,False,True,False,True,False,0.8326293
0,7,61.4,438.9,False,False,False,True,False,False,False,False,False,True,False,True,False,True,False,False,False,False,False,False,False,False,False,False,True,False,0.53404135
1,61,82.15,4904.85,True,True,False,True,False,True,True,False,False,False,False,True,False,False,False,False,False,False,False,False,False,False,True,False,True,False,0.5866983
0,1,50.45,50.45,True,False,False,True,False,True,False,False,False,False,False,False,False,False,False,False,False,False,False,False,False,False,True,False,True,False,0.6072439
